0,1,2,3,4,5,6,7,8,9,10,11,12,13,14,15,16,17,18,19,20,21,22,23,24,25,26,27,28,29,30,31,32,33,34,35,36,37,38,39,40,41,42,43,44,45,46,47,48,49,50,51,52,53,54,55,56,57,58,59,60,61,62,63,64,65,66,67,68,69,70,71,72,73,74,75,76,77,78,79,80,81,82,83,84,85,86,87,88,89,90,91,92,93,94,95,96,97,98,99,100,101,102,103,104,105,106,107,108,109,110,111,112,113,114,115,116,117,118,119,120,121,122,123,124,125,126,127,128,129,130,131,132,133,134,135,136,137,138,139,140,141,142,143,144,145,146,147,148,149,150,151,152,153,154,155,156,157,158,159,160,161,162,163,164,165,166,167,168,169,170,171,172,173,174,175,176,177,178,179,180,181,182,183,184,185,186,187,188,189,190,191,192,193,194,195,196,197,198,199,200,201,202,203,204,205,206,207,208,209,210,211
1.0,1.0,1.0,1.0,1.0,1.0,1.0,1.0,1.0,1.0,1.0,1.0,1.0,1.0,1.0,1.0,1.0,1.0,1.0,1.0,1.0,1.0,1.0,1.0,1.0,1.0,1.0,2.0,7.0,10.0,5.0,5.0,7.0,3.0,1.0,7.0,6.0,7.0,9.0,10.0,3.0,9.0,9.0,9.0,2.0,5.0,9.0,7.0,1.0,9.0,7.0,10.0,10.0,1.0,10.0,9.0,10.0,7.0,7.0,4.0,1.0,9.0,9.0,2.0,10.0,5.0,8.0,9.0,2.0,6.0,7.0,4.0,7.0,1.0,5.0,4.0,1.0,10.0,5.0,7.0,5.0,7.0,1.0,1.0,5.0,9.0,7.0,4.0,3.0,9.0,8.0,9.0,1.0,7.0,2.0,1.0,9.0,3.0,7.0,7.0,6.0,4.0,9.0,8.0,3.0,6.0,5.0,10.0,3.0,5.0,1.0,9.0,1.0,9.0,7.0,9.0,7.0,2.0,7.0,7.0,9.0,6.0,3.0,2.0,1.0,3.0,8.0,2.0,1.0,2.0,3.0,9.0,4.0,9.0,2.0,1.0,3.0,1.0,5.0,7.0,3.0,5.0,1.0,2.0,10.0,8.0,6.0,3.0,4.0,9.0,7.0,2.0,5.0,6.0,10.0,8.0,9.0,4.0,8.0,6.0,2.0,2.0,5.0,8.0,9.0,8.0,7.0,6.0,6.0,4.0,9.0,6.0,3.0,8.0,5.0,8.0,7.0,4.0,5.0,9.0,8.0,7.0,10.0,2.0,8.0,5.0,10.0,1.0,9.0,5.0,8.0,4.0,1.0,3.0,3.0,9.0,6.0,5.0,4.0,5.0,5.0,6.0,1.0,4.0,10.0,10.0,2.0,3.0,1.0,1.0,1.0,1.0
1.0,0.2017684,-0.86527923,-0.03668345,0.05971819,-0.07059119,0.44689484,0.33507529,0.53860294,0.0,0.09836259,1.37185575,0.14996934,1.4382895,0.0,0.0,0.0,0.0,0.0,0.0,0.0,0.0,0.0,0.0,0.0,0.6562074140430001,-2.250263320091,1.0,-0.0,1.0,-0.28132673723765167,-0.1918163880539541,0.08404738060599999,0.8957814670738845,0.0,-2.1005518587479997,0.8159155217571348,0.10634281736699999,0.0,1.0,0.0,0.03953742241,0.0,0.0,0.0,0.031478134672206295,0.0,-0.023935951124999997,0.0,0.0,-0.0,1.0,0.9053504531328638,1.227398587755,1.0,0.0,0.9701161227967018,-3.42298518105,0.42875090949600003,0.8883973896671354,-2.1816,1.0468,0.0,0.0,1.0,-0.6094482657415329,0.029173582651544478,0.2515342357641844,1.0,0.5253507565782455,-0.0,0.47136065245261044,-4.881759601205328,0.1314078194204019,0.0,0.9726049952985384,2.2423,1.0,0.0,-0.0,-0.003902030444137593,-0.0,0.0,0.0,-0.28012281142529943,0.1441,0.824075411818707,0.3580660213376762,0.1280741579327218,0.0,3.6103107999999997,0.002462005858407418,-0.801327138389726,-0.9631,0.0,0.0,0.0,-0.5986601764821524,-0.0,0.005028546633360116,0.5,0.394744706895153,0.0,0.1762532729487984,0.3964201587212135,0.05658779789652607,-0.04517940031224889,0.367064819634778,0.9960680396912673,0.9950968664979664,-0.9834727757044588,0.0,7.967594904519999,3.05179571924,-0.02091463831197185,0.0,0.23996970816362398,1.0,0.5469958944054883,0.4228900044967774,0.0,0.46126678940598687,0.44349529837879736,1.0,-0.019087370621008456,-0.7891404983083596,3.9305453679599998,0.0,0.14256600362000899,0.0,-0.7531906301055591,0.12015934091797664,0.6753759368667783,0.0,0.0,0.005718576238054133,0.07505149649229557,0.9213198342498239,0.9994332518979104,-0.0,0.314536707761858,-0.06768259106670736,0.0,0.0,-0.9986009197636989,0.2660981191255107,0.5267161404151098,0.0,0.9999994677489946,0.0,-2.2697129150601545,1.0,0.006673404411340012,0.4896781794213233,0.9571865510743757,1.6955838849548264,0.0,1.0,1.9557500268983616,0.16773697343492056,0.0,0.0,0.5195623141747039,0.0,0.0,0.9134514991646843,-0.0,0.7266422516281119,0.39622744306457847,0.002189347742280249,0.0,0.1317997272842944,0.3877977049970825,2.6183724808698035,0.5431750423046626,0.909063044190443,-4.262680300209729,0.9357107322466108,-0.9997214707828429,6.334027505006699,1.5683543186771138,-0.541121516458215,-0.9917026880181666,1.0,6.4569076386038295,0.9999999958202667,0.28147880747950843,-2.2009475780962786,1.1225,0.9987184401940603,3.0518339117883,0.8931227857143548,-10.381276043792163,0.9417713440539343,-0.020455954078441464,0.5361987748749957,0.9999064687252031,-0.9422564468508118,5.738328519943971e-06,0.8593327786530952,0.45222853674188995,0.9972226823836858,0.6042894159406828,0.12618916705063676,-0.981828603894777,0.8650062387306694,1.0,-0.8511907920830785,-2.3198310545141014,12.037427827788534,-2.4752425754003378,-0.9449443877918031
1.0,0.2017684,-0.86527923,-0.03668345,0.05971819,-0.07059119,0.44689484,0.33507529,0.53860294,0.0,0.09836259,1.37185575,0.14996934,1.4382895,0.0,0.0,0.0,0.0,0.0,0.0,0.0,0.0,0.0,0.0,0.0,0.6562074140430001,-2.250263320091,1.0,-0.0,1.0,-0.28132673723765167,-0.1918163880539541,0.08404738060599999,0.8957814670738845,0.0,-2.1005518587479997,0.8159155217571348,0.10634281736699999,0.0,1.0,0.0,0.03953742241,0.0,0.0,0.0,0.031478134672206295,0.0,-0.023935951124999997,0.0,0.0,-0.0,1.0,0.9053504531328638,1.227398587755,1.0,0.0,0.9701161227967018,-3.42298518105,0.42875090949600003,0.8883973896671354,-2.1816,1.0468,0.0,0.0,1.0,-0.6094482657415329,0.029173582651544478,0.2515342357641844,1.0,0.5253507565782455,-0.0,0.47136065245261044,-4.881759601205328,0.1314078194204019,0.0,0.9726049952985384,2.2423,1.0,0.0,-0.0,-0.003902030444137593,-0.0,0.0,0.0,-0.28012281142529943,0.1441,0.824075411818707,0.3580660213376762,0.1280741579327218,0.0,3.6103107999999997,0.002462005858407418,-0.801327138389726,-0.9631,0.0,0.0,0.0,-0.5986601764821524,-0.0,0.005028546633360116,0.5,0.394744706895153,0.0,0.1762532729487984,0.3964201587212135,0.05658779789652607,-0.04517940031224889,0.367064819634778,0.9960680396912673,0.9950968664979664,-0.9834727757044588,0.0,7.967594904519999,3.05179571924,-0.02091463831197185,0.0,0.23996970816362398,1.0,0.5469958944054883,0.4228900044967774,0.0,0.46126678940598687,0.44349529837879736,1.0,-0.019087370621008456,-0.7891404983083596,3.9305453679599998,0.0,0.14256600362000899,0.0,-0.7531906301055591,0.12015934091797664,0.6753759368667783,0.0,0.0,0.005718576238054133,0.07505149649229557,0.9213198342498239,0.9994332518979104,-0.0,0.314536707761858,-0.06768259106670736,0.0,0.0,-0.9986009197636989,0.2660981191255107,0.5267161404151098,0.0,0.9999994677489946,0.0,-2.2697129150601545,1.0,0.006673404411340012,0.4896781794213233,0.9571865510743757,1.6955838849548264,0.0,1.0,1.9557500268983616,0.16773697343492056,0.0,0.0,0.5195623141747039,0.0,0.0,0.9134514991646843,-0.0,0.7266422516281119,0.39622744306457847,0.002189347742280249,0.0,0.1317997272842944,0.3877977049970825,2.6183724808698035,0.5431750423046626,0.909063044190443,-4.262680300209729,0.9357107322466108,-0.9997214707828429,6.334027505006699,1.5683543186771138,-0.541121516458215,-0.9917026880181666,1.0,6.4569076386038295,0.9999999958202667,0.28147880747950843,-2.2009475780962786,1.1225,0.9987184401940603,3.0518339117883,0.8931227857143548,-10.381276043792163,0.9417713440539343,-0.020455954078441464,0.5361987748749957,0.9999064687252031,-0.9422564468508118,5.738328519943971e-06,0.8593327786530952,0.45222853674188995,0.9972226823836858,0.6042894159406828,0.12618916705063676,-0.981828603894777,0.8650062387306694,1.0,-0.8511907920830785,-2.3198310545141014,12.037427827788534,-2.4752425754003378,-0.9449443877918031
1.0,0.01137174,0.41524899,0.68857528,-0.62357961,-0.32825,0.59047409,-0.16416653,0.47076078,0.0,0.08891353,0.51889859,-0.16107538,1.98948725,1.0,0.0,0.0,0.0,0.0,0.0,0.0,0.0,0.0,0.0,0.0,-0.794579775573,0.8883295891029999,0.0,-0.0,1.0,0.9777295886897761,-0.010945999727912424,-0.8776259431139999,0.8917314254331151,1.6609,1.008058448124,0.8778961179558997,-0.05103410087099999,0.622706598546,1.0,0.0,0.0,0.142554978267,0.0,0.0,0.8151069779962337,0.0,0.4492953702,0.0,0.20902388527199997,-0.0,1.0,-0.4516937387051066,-0.589030692315,1.0,0.271007698506,-0.4777618428569917,-4.734780706275,0.5665008419459999,0.8133534201903075,0.0,0.0,0.1807,0.0,1.0,0.9855290811410017,0.10139055834712979,0.0,1.0,0.5014478780669753,-1.0380625,0.4186405484660254,-0.7827775429963362,-0.06306283844629469,0.49158103240714396,0.871855317952423,2.2423,1.0,0.0,0.2172965533723881,0.023856563619074386,-0.0,0.0,-0.29192275817087515,-0.1084368797816288,0.1441,-0.395475206820291,0.8625743237748679,-0.8553949962991365,0.0,0.0,1.658559636636619,-3.58798310687923,-0.9631,0.0,-0.2541473937544934,0.0,-0.5986601764821524,0.08965655792144733,-0.03074395353590116,0.5,0.645467506201739,0.0,0.06822848475860084,0.3964201587212135,0.04266812641289852,0.29310016694173213,-0.05393186746626874,-0.7053273966468272,-0.16196112890395511,-0.816366356367927,0.0,0.0,0.0,-0.09364635908954791,0.0,0.19651649815549357,0.0,-0.6412680632482856,0.539101710523999,0.0,0.48498060757923445,0.2496325672169577,0.0,0.0028044571082459745,0.1474746769534441,0.0,0.0,0.11675045155417872,0.0,0.9999614631779634,0.06580070910249003,0.5545867784293348,0.0,0.0,-0.0008402153496304939,-0.5422077534315124,0.0,0.0,-0.0,0.25904113438782983,0.008502015953785266,0.0,0.0,0.3602269294964981,0.21850719070115793,0.43915886428238976,0.0,0.999999988509948,0.0,-0.0,1.0,-0.0008382985766732387,0.5012967670758063,0.9951592946565627,2.032389685896274,0.0,1.0,0.30829962490426127,0.146080318866665,0.0,0.0,0.6954954282245471,0.0,0.3061551219671464,1.8982638848356586,-0.0,0.41950712608508267,0.3626598532858172,0.9959929300126267,0.1443521400075095,0.22110304317824125,-0.8462075951826737,3.012101011202968,-0.8687897906942363,0.12567387694250265,-8.440978550242772,0.9976087011565421,-0.9999998848641839,12.956886977907828,0.30536676688389686,-0.5769171118788283,0.40835213342690263,1.0,13.208250585279242,0.9187248113007134,-0.21367645837795463,-3.356325347796923,1.1225,0.9979356227649187,4.653880727255213,0.9952195043718941,-14.997407948501527,0.9250713414661454,-0.8551017049381029,0.0,0.9999999912138038,0.8838839934928631,0.002670799937236546,0.9803370707479542,0.34433649666688193,0.9999138310071878,-2.7718299446059826,0.14649689460300447,-0.9956276716443729,-0.037615165850154536,1.0,-0.5190024832864525,1.9906463198141005,-7.1380580082147285,8.519778434994382,-3.306829359586135
1.0,0.13401449,-0.57891592,0.86738749,-0.87370349,0.08622442,1.45515756,-0.00847091,0.12981996,1.0,0.01208645,1.62544203,-0.46756413,0.08976418,1.0,0.0,0.0,0.0,0.0,0.0,0.0,0.0,0.0,0.0,0.0,0.4433755846130002,-1.7807074742640001,0.0,-0.0,1.0,0.9954207390594725,-0.12829147763452867,-1.229650291826,-0.292591508320854,1.6609,-1.4053762873920002,0.5259470873943991,0.071148766568,0.8724803051140001,1.0,-0.7538386868826533,0.0,0.0,0.0,0.0,0.8770330475449476,0.167947925276,0.565970337225,0.3578,0.292865409848,0.4596,1.0,0.859899615749911,0.8211922325200001,1.0,0.379711536754,0.9298321331620262,-0.213629771982,1.396078163064,0.28517225352355147,0.0,0.0,0.1807,0.0,1.0,0.9867538423897623,0.1032251306404673,0.0,1.0,0.5169632424390388,-1.0380625,0.7315958207194022,-5.073150883105712,0.0879185308480776,0.6375277396331158,0.8152157532625942,2.2423,0.04728084305282673,0.9125024571296888,-0.0,0.032673847557332,0.1717435483872376,-0.1150327,-0.40901583139371683,-0.4794254728452751,0.1441,0.5513484649139281,0.4359414206030267,0.18694636945462187,0.0,0.0,2.264780767553554,-3.060149995433659,-0.9631,0.0,-0.3296018413903209,0.0,-0.11791603111197593,-0.0,-0.042106787347133745,0.47426980310755273,0.9884010157241349,0.0,0.3016545075142471,0.3964201587212135,0.6256809452287619,-0.06589643754703114,-0.062469249443372434,-0.7053273966468272,-0.16196112890395511,-0.7633512101861448,0.0,0.0,0.0,-0.0798699148808185,0.0,0.3724554323282477,0.0,-1.3684823393312937,0.8453622110284915,0.0,0.40627139981509597,0.7716141853398015,1.0,0.0032484009710553666,0.1474746769534441,0.0,0.0,0.22127577234621193,0.0,-0.5771523735448215,1.9527518674962647,0.272486804629651,0.0,0.0,-0.0009732209309281877,-0.5422077534315124,0.0,0.0,-0.0,0.4764575601636363,-0.11881468444940584,0.0,0.0,0.840383742307282,0.1073598010240825,0.6319734165781382,0.0,0.9999999845842857,0.0,-0.0,1.0,0.01171459197159675,0.48188572154837744,-0.2942178821914989,0.539694725620092,0.0,1.0,0.43196161953490436,0.3356274618184034,0.0,0.0,-0.9795612721533804,0.0,0.3061551219671464,1.1648832665893876,-0.0,0.6630965743080199,0.6887175023394333,0.9959929300126267,0.1443521400075095,0.5464193423939326,-0.8462075951826737,3.5589505613432637,-0.8687897906942363,0.12567387694250265,-9.924137681571578,0.7317191322584345,-0.9999999961044822,15.553968242065837,0.25801211878932817,-0.4231531741850527,0.960686741546925,1.0,15.855715225961916,0.8793340479121433,0.9342816485312951,-4.191929928964108,1.1225,0.9962661466096067,5.812530039501633,0.9952354477260843,-18.334184481775647,0.9250685755104558,-0.539755551414043,0.0,0.9999999982040397,0.9191683796206246,0.35075143759413785,0.9403908591136761,0.5867423153008368,0.9999816331357886,-2.5860897992385423,0.14983699566170366,-0.9949460725040161,-0.6103752750629259,1.0,-0.8328432696518446,-0.7299147926652401,-0.19432498496030615,0.7612994845094501,-3.100605740240037
1.0,0.42944717,0.2074845,0.97696691,0.12070956,0.17939989,1.49963645,-0.49691047,1.66875721,0.0,0.03247392,0.21633115,-0.31138889,1.8906281,1.0,0.0,0.0,0.0,0.0,0.0,0.0,0.0,0.0,0.0,0.0,-2.2756152217769996,0.15717087055,1.0,-0.0,1.0,-0.38704901502510514,-0.3913437772473887,0.16988663474399998,0.8518619922299534,1.6609,0.5036893722,0.8555472698383102,-0.025499845049999997,0.0,1.0,0.0,0.0,0.07122942885,0.0,0.0,0.9451578263882761,0.349435105742,0.637470908775,0.0,0.0,-0.0,1.0,0.4405056925343527,-0.29431676325,1.0,0.0,-0.08298804305187646,-4.49950581519,1.43875121013,0.2638076483996851,-2.1816,1.0468,0.1807,0.0,1.0,-0.7505113764157286,0.0401369828581034,0.3460605243339465,1.0,0.5515808406262422,-1.0380625,0.4373710176886114,-0.4334937417218001,-0.031510158528284996,0.0,0.9726049952985384,2.2423,1.0,0.0,0.10857501839605499,0.02868029226858806,0.35733233913176915,0.0,0.0,-0.04535513698560342,0.1441,-0.19760427484605,0.9680095497273925,-0.7306042605939818,0.0,3.6103107999999997,0.0,-1.4751956261489703,-0.9631,0.0,0.0,0.0,-0.5986601764821524,0.044798052590212294,-0.03696029264652943,0.5,0.35941305546700747,0.0,0.028537452191341673,0.3964201587212135,0.029192628453618252,0.2523333787103995,0.05981875863491728,0.9960680396912673,0.9950968664979664,-1.0406793069271951,0.0,7.967594904519999,3.05179571924,-0.03850260584248812,0.0,0.21436448353258036,0.0,0.7696038645732889,0.38503920632180505,0.0,0.43494356530594247,0.17986552207214038,0.0,-0.0031105754490156983,-0.7891404983083596,3.9305453679599998,0.0,0.127353939666706,0.0,0.09984920091443883,0.0,0.7139584250232858,0.0,1.0,0.0009319284045251031,0.07505149649229557,0.9213198342498239,0.9994332518979104,-0.0,0.2819512805625891,0.1601037584611122,0.0,0.0,0.9086778033081138,0.2812996194591746,0.4209412359685701,-0.13436668576450017,0.9999999858646726,0.0,-2.2697129150601545,1.0,-0.015784919378704656,0.5244004279694172,0.9789777736060619,1.944860024354656,0.0,1.0,1.9557500268983616,0.16544042348009208,0.0,0.0,0.9789770510159825,0.0,0.0,1.1824267225310137,-0.0,0.6455748369911698,0.31138404582391055,0.002189347742280249,0.0,0.0668179335016843,0.3877977049970825,1.7174314742525045,0.5431750423046626,0.909063044190443,-10.194460681771256,0.9505053826010608,-0.9999999968191264,14.73879645720319,1.5645816828367292,-0.5496772627581935,0.28187439651781143,1.0,15.024729108472933,0.9999999951317194,0.16490922110834752,-4.614542057810709,1.1225,0.9999900364215536,6.398524017360329,0.8930698086754709,-20.029031247001356,0.9417794808731723,-0.42447068245926595,0.0,0.9999999982081444,-0.9277804081608513,0.9872027080678443,0.9604318802660711,0.35350898774938966,0.9999973575400539,0.764371110165705,0.07590360111650739,-0.9767737645535293,-0.6138163157875342,0.0,0.7292950628082154,-1.551777677227606,-3.694908747668804,7.342777468982422,7.812747996552764
1.0,0.27435769,-0.95405167,-0.0687809,0.25114517,-0.28224314,0.6103709,-0.38332478,1.22043867,1.0,0.48246004,0.46512548,0.2443897,0.65039461,1.0,0.0,0.0,0.0,0.0,0.0,0.0,0.0,0.0,0.0,0.0,0.49350092226800024,-2.5091220969590005,1.0,-0.0,1.0,-0.7505727805074283,-0.2581233170174348,0.35346171225799994,0.9997022564506455,1.6609,-2.316055834092,0.8146062849035057,0.117252950243,0.0,1.0,-0.7538386868826533,0.07413205402000002,0.0,0.0,0.0,0.09325952458426646,0.0,-0.044879537250000004,0.3578,0.0,0.4596,1.0,-0.1817997277552067,1.353322293895,1.0,0.0,-0.916656073938796,-1.547874132339,0.58558984146,0.8019197464139441,-2.1816,1.0468,0.1807,0.0,1.0,-0.9552894116175336,0.07783439733862031,0.6710871230516916,1.0,0.5340902899893962,-1.0380625,0.4724988706575376,-2.738213023857912,0.1448894706152751,0.0,0.9726049952985384,2.2423,0.04728084305282673,0.9125024571296888,-0.0,-0.0022969414263194756,-0.0,-0.1150327,0.0,-0.27179742922206623,0.1441,0.908620588121103,0.6226483925072369,0.9783957582775968,0.0,3.6103107999999997,0.0,-0.6522813947648758,-0.9631,0.0,0.0,0.0,-0.11791603111197593,-0.0,0.002960068416097908,0.47426980310755273,0.37189391409285144,0.0,0.17101494246652407,0.3964201587212135,0.24718984334735344,-0.33226634032551494,-0.11915988860216774,0.9960680396912673,0.9950968664979664,-0.9787388690495624,0.0,7.967594904519999,3.05179571924,-0.01702454440336326,0.0,0.24054917505175238,1.0,0.9134153033553838,0.3984099501676717,0.0,0.4624135505945327,0.9259257965795138,1.0,0.006196314207312722,-0.7891404983083596,3.9305453679599998,0.0,0.14291026489824607,0.0,0.8997232128576088,0.042598087015212394,0.7004226703171645,0.0,1.0,-0.0018564157365108915,0.07505149649229557,0.9213198342498239,0.9994332518979104,-0.0,0.31527004259648767,-0.12391635089088635,0.0,0.0,-0.7258431054860319,0.27596653210496286,0.522465463687552,-0.13436668576450017,0.9999999439092502,0.0,-2.2697129150601545,1.0,0.01221754424568248,0.48110865561792876,0.9989935444057868,1.4094281713485848,0.0,1.0,1.9557500268983616,0.14253314378623672,0.0,0.0,0.12938900222499916,0.0,0.0,0.8885578433325263,-0.0,0.4609739291705343,0.4738001029110791,0.002189347742280249,0.0,0.1537839377805031,0.3877977049970825,2.348275241984319,0.5431750423046626,0.909063044190443,-4.493527068798258,0.945462034545439,-0.9998308514376522,7.333416552847069,1.5658677365909126,-0.5467606945776274,0.3712697780498624,1.0,7.475684833972303,0.9999999957735467,0.20499627700103248,-2.548586818804784,1.1225,0.9996832083729895,3.533870482954714,0.8930825926810518,-11.772119847718262,0.9417775174099403,-0.950735580932185,0.0,0.999960146396393,-0.9283232692308939,3.6015998598004516e-06,0.8206431990110868,0.32808159542611365,0.9998177847326899,0.6865259498327407,0.0749637098990016,-0.9769134091329785,-0.5505613462117173,0.0,0.7349610571415434,-3.08299641336951,8.948897058938943,-0.6429738179897269,4.388174064845211
1.0,0.40783188,0.06828304,-0.90034212,-0.1195795,-0.04803314,0.84565779,-0.38153606,0.54314531,0.0,-0.27854096,0.41777793,-0.47391955,0.9799453,0.0,0.0,0.0,0.0,0.0,0.0,0.0,0.0,0.0,0.0,0.0,-1.9303295432119998,-0.032081665811999976,0.0,-0.0,1.0,0.40460735884191606,-0.3735814020077195,-0.1682961883,0.32926665543592293,0.0,0.165763907904,0.5933381341281133,-0.008391985616,0.11941208870000002,1.0,0.0,0.9703887369360001,0.023441567632,0.0,0.0,-0.862621954079658,0.0,-0.5874732333,0.0,0.0400830484,-0.0,1.0,0.9557975032324756,-0.09685949224000001,1.0,0.051969250700000004,-0.5633795115906761,-2.33217181947,0.811324083726,0.6545962834216144,0.0,0.0,0.0,0.0,1.0,0.7691796622992271,0.0419577831119067,0.0,1.0,0.5492552165417262,-0.0,0.6718312727098323,-1.039181434827256,-0.010369976625691201,0.10283115593325301,0.9585633967335071,2.2423,1.0,0.0,0.035731981541457604,-0.0323693980186662,-0.0,0.0,-0.05597998539544,-0.08742604109168865,0.1441,-0.065031463089936,0.8128068780515051,0.8859979619534049,0.0,0.0,0.43702286587143,-3.2883467784312232,-0.9631,0.0,-0.053163707617491805,0.0,-0.5986601764821524,0.014743015584005408,0.04171444322665513,0.5,0.5351766874686618,0.0,0.0550084650548905,0.3964201587212135,0.15697708758663775,-0.30294341625985505,-0.8210395533724598,-0.7053273966468272,-0.16196112890395511,-0.7978639425587825,0.0,0.0,0.0,-0.08582585091705493,0.0,0.33929741276790676,1.0,0.21580898977418542,0.5441124756165674,0.0,0.48788950506178735,0.4734015109978924,1.0,0.04269405677536791,0.1474746769534441,0.0,0.0,0.20157659292541338,0.0,-0.9589326605804146,0.6356433279713665,0.5494011460876916,0.0,0.0,-0.012791139409900225,-0.5422077534315124,0.0,0.0,-0.0,0.437133618444264,0.19680155021274348,0.0,0.0,-0.8441541119236696,0.2164640515585505,0.4285904353827443,0.0,0.9999973370766749,0.0,-0.0,1.0,-0.019402197679048605,0.5299811465603351,-0.7669194541635753,1.0229079759347,0.0,1.0,0.05912046257612419,0.32948638783147177,0.0,0.0,0.9995034555683241,0.0,0.3061551219671464,1.3170872769834263,-0.0,0.7519636744853793,0.3078271142239757,0.9959929300126267,0.1443521400075095,0.23380102469333125,-0.8462075951826737,3.2713518882449777,-0.8687897906942363,0.12567387694250265,-4.768646079299047,0.9596543785174235,-0.9998486466848553,8.295727217869738,0.25448728257861297,-0.554968127096626,0.6366983445690261,1.0,8.456664325896412,0.8697321147124077,0.09153454081613446,-1.9858277782982132,1.1225,0.9870810683871194,2.7535487973883024,0.9953226915112867,-9.503093861105592,0.9250534390283138,0.06616277899514149,0.0,0.9999933646315119,-0.8302110003139288,0.9942627434674632,0.9193622975165994,0.3718384103560282,0.9802085043817428,-1.2269663997513804,0.5347029309099677,-0.9581812565608714,-0.7990613821214322,1.0,-0.5714592613336305,0.27577335241960865,2.926043083236843,10.535630365453187,-0.8167571297819927
1.0,0.39904209,0.5447909,0.54244449,0.98677531,0.2585239,1.13785983,0.02328059,1.2579013,1.0,0.37752067,1.50983432,-0.04979908,1.31405036,1.0,0.0,0.0,0.0,0.0,0.0,0.0,0.0,0.0,0.0,0.0,-2.745313261069,1.07901777339,1.0,-0.0,1.0,-0.9979523301278574,-0.3662782904045684,1.3887875712939999,0.44808147104230567,1.6609,1.3225343888399999,0.868787301039263,-0.06695480160999999,0.0,1.0,-0.7538386868826533,0.0,0.18702671596999998,0.0,0.0,0.7798504945875315,0.5035528524199999,0.35394502972499997,0.3578,0.0,0.4596,1.0,-0.03543827908396051,-0.77278589165,1.0,0.0,0.720233830511253,-3.127308451764,1.091662720902,0.4643313336624594,-2.1816,1.0468,0.1807,0.0,1.0,-0.9869204705848089,0.10348765663425882,0.8922691783673173,1.0,0.5482983910805432,-1.0380625,0.42623384159598726,-3.2416508394717605,-0.08273604834947698,0.0,0.9726049952985384,2.2423,0.04728084305282673,0.9125024571296888,0.285084823153071,0.025092183119778514,0.5149331468846919,-0.1150327,0.0,-0.4605298243952583,0.1441,-0.51884844765381,0.4561298054513926,0.37898896578463315,0.0,3.6103107999999997,0.0,2.258363614792624,-0.9631,0.0,0.0,0.0,-0.11791603111197593,0.11762599803295709,-0.03233629638645857,0.47426980310755273,0.26998842151426633,0.0,0.2897653655094965,0.3964201587212135,0.06666524199128121,-0.13299063148992193,-0.8859935891474068,0.9960680396912673,0.9950968664979664,-1.058666612578579,0.0,7.967594904519999,3.05179571924,0.058943290346087494,0.0,0.19519949243265622,0.0,2.6653607450153762,0.2892385959682335,0.0,0.3552274762703091,0.8482828532278295,1.0,0.04607166663566515,-0.7891404983083596,3.9305453679599998,0.0,0.11596801845424105,0.0,0.940514371227865,0.0,0.806335836000799,0.0,1.0,-0.013803071324045279,0.07505149649229557,0.9213198342498239,0.9994332518979104,-0.0,0.25734461988739366,0.20697893314172386,0.0,0.0,-0.6096095784288142,0.3176963193843148,0.634617267394512,-0.13436668576450017,0.9999968990728305,0.0,-2.2697129150601545,1.0,-0.020405290009973636,0.5315275777626365,0.9825581954780354,1.7687329221424406,0.0,1.0,1.9557500268983616,0.12087009688977157,0.0,0.0,0.999878180839871,0.0,0.0,0.1905502054662926,-0.0,0.5339184166814218,0.30776238964217484,0.002189347742280249,0.0,0.119954675441232,0.3877977049970825,1.063509837428048,0.5431750423046626,0.909063044190443,-3.337723758352363,0.9505053826010608,-0.9967761347552163,5.189835615339398,1.5645816828367292,-0.5496772627581935,-0.9562809991573716,1.0,5.290518426276982,0.999999992330643,0.16490922110834752,-1.9323126853532382,1.1225,0.9995650604911894,2.6793447695108004,0.893087515151328,-9.309042175268058,0.9417767613715596,0.6965071988423466,1.2317434804236105,0.9998365444589914,-0.9363364584403411,0.6165339706062242,-0.8754892312158172,0.16702583987054936,0.9790218508013444,3.1601165838928145,0.00044819570027471715,-0.9699953101982459,0.9700814673490077,0.0,0.7292950628082154,-2.299608911740412,-8.950619887560947,1.038127291389495,9.30240768675222
1.0,0.14200223,0.10506085,-0.88020283,0.99987185,-0.42798399,1.60094096,0.07757391,0.72301451,1.0,0.37736201,1.65605076,-0.27427311,1.14991194,0.0,0.0,0.0,0.0,0.0,0.0,0.0,0.0,0.0,0.0,0.0,-0.817789635098,-0.120714680435,1.0,-0.0,1.0,-0.9982752927559274,-0.13584632398203533,1.40721964169,0.49361740305121,0.0,0.25504571946,0.8507825205598772,-0.012911978465,0.0,1.0,-0.7538386868826533,0.948682610174,0.036067389804999996,0.0,0.0,-0.846278371363,0.0,-0.574332346575,0.3578,0.0,0.4596,1.0,-0.8858500316614412,-0.149028815725,1.0,0.0,0.11481437453759254,-2.7366754260060002,1.535942757024,0.2190076520734094,-2.1816,1.0468,0.0,0.0,1.0,-0.9869415775226655,0.10352114785878967,0.8925579392530747,1.0,0.5179613405124065,-0.0,0.44140703217015764,-4.209735608528439,-0.0159553317892005,0.0,0.9726049952985384,2.2423,0.04728084305282673,0.9125024571296888,0.05497752227976149,-0.03271083745427312,-0.0,-0.1150327,0.0,-0.4843559145239635,0.1441,-0.10005794687776501,0.9516602016008494,0.6687808291851315,0.0,3.6103107999999997,0.0,1.3956551360717446,-0.9631,0.0,0.0,0.0,-0.11791603111197593,0.022683725692629594,0.042154456227321765,0.47426980310755273,0.1890022585099826,0.0,0.3047567414184778,0.3964201587212135,0.1389046240280778,-0.2317893961148063,0.3111887868598439,0.9960680396912673,0.9950968664979664,-1.0352174316159637,0.0,7.967594904519999,3.05179571924,0.03642659905147254,0.0,0.2205170143505882,1.0,2.4823700123788477,0.20247811954174433,0.0,0.43329263264370116,0.9980413670550011,1.0,-0.01618181691671188,-0.7891404983083596,3.9305453679599998,0.0,0.13100915822568446,0.0,0.6297627096259407,0.0,0.8794268494586968,0.0,1.0,0.004848072348246879,0.07505149649229557,0.9213198342498239,0.9994332518979104,-0.0,0.28981247775872154,0.08427728366809749,0.0,0.0,-0.9109686442087167,0.34649417868672655,0.6283005864467467,-0.13436668576450017,0.9999996174582179,0.0,-2.2697129150601545,1.0,-0.008309548907502514,0.5128515614388373,0.9777582847425956,1.67600552970495,0.0,1.0,1.9557500268983616,0.14190966750090545,0.0,0.0,0.9819401319917669,0.0,0.0,0.1655168295488222,-0.0,0.3313248693004684,0.31086919644503785,0.002189347742280249,0.0,0.1352202756933808,0.3877977049970825,1.9369110101638216,0.5431750423046626,0.909063044190443,-3.568866109800348,0.9505053826010608,-0.9983152603395261,5.548248218972862,1.5645816828367292,-0.5496772627581935,0.13475254523986843,1.0,5.655884234420936,0.9999999902383503,0.16490922110834752,-2.241600348390622,1.1225,0.9986719392666958,3.108203043078437,0.8931247228247148,-10.54366776272312,0.9417710465199296,0.538739700257921,0.9632156487086356,0.9998495418787868,-0.9991646433094811,0.002695283566780055,-0.5966604757811891,0.19361913257460794,0.9927565427744005,2.6692170694584023,0.001493883936829125,-0.9708300678462978,-0.5512214463678122,0.0,0.7292950628082154,-2.3058780562973578,5.214080821739899,-4.083839039381306,10.663427346989717
1.0,0.33446167,-0.85913756,-0.15074502,-0.09802456,0.06363981,0.88345744,-0.05966758,1.46042823,1.0,0.12733243,0.36211139,-0.28088392,1.18522888,1.0,0.0,0.0,0.0,0.0,0.0,0.0,0.0,0.0,0.0,0.0,0.05695839199899999,-2.338948003132,0.0,-0.0,1.0,0.26309408874735357,-0.3112715880300578,-0.13795976574399998,0.8819613317442746,1.6609,-2.085642340656,0.7878822937829169,0.10558800612399999,0.097887325616,1.0,-0.7538386868826533,0.162472982556,0.0,0.0,0.0,0.006075821376135846,0.12395762191800001,-0.09836112555,0.3578,0.032857832512,0.4596,1.0,0.9228416920783952,1.21868662886,1.0,0.042601473775999994,0.2602996562191132,-2.820726211512,0.8475890679360001,0.6297300786905738,0.0,0.0,0.1807,0.0,1.0,0.5797959034116885,0.027282857003100566,0.0,1.0,0.5410806351674085,-1.0380625,0.495922238587281,-2.357627990871416,0.13047509916742678,0.08439301215418168,0.9612960221367847,2.2423,0.04728084305282673,0.9125024571296888,-0.0,-0.004723864243073281,0.1267590641733468,-0.1150327,-0.045889248886259205,-0.2516665426627229,0.1441,0.818226202616604,0.7966398171788949,0.6119944221096032,0.0,0.0,0.3847805125877424,-3.865080884758517,-0.9631,0.0,-0.04363118728371193,0.0,-0.11791603111197593,-0.0,0.006087643850048536,0.47426980310755273,0.45421978402395613,0.0,0.15834858864338525,0.3964201587212135,0.11241206937436377,-0.21273478852986166,-0.8937556126693732,-0.7053273966468272,-0.16196112890395511,-0.7484080241427965,0.0,0.0,0.0,-0.1008786110921973,0.0,0.2524740116647848,1.0,0.20508038496330105,0.46265084592061934,0.0,0.44438239276852,0.8246608220524438,1.0,0.0464752918588074,0.1474746769534441,0.0,0.0,0.14999481033004863,0.0,-0.7647179588469896,1.6885498304889688,0.6341890939391231,0.0,0.0,-0.013923997440898696,-0.5422077534315124,0.0,0.0,-0.0,0.3303189014836928,-0.07929484872137663,0.0,0.0,-0.7502197947882676,0.24987050301201452,0.5170249406384428,0.0,0.9999968445016331,0.0,-0.0,1.0,0.007818312777317817,0.4879079114774899,0.6725938422937895,1.540354781148266,0.0,1.0,0.04846363574877835,0.15796739466839282,0.0,0.0,0.7931106157451693,0.0,0.3061551219671464,1.959969740276886,-0.0,0.7391436164245648,0.3445743970933426,0.9959929300126267,0.1443521400075095,0.2704584387461213,-0.8462075951826737,2.9016527425828977,-0.8687897906942363,0.12567387694250265,-3.931529527769558,0.7884827454425644,-0.9994592268649058,7.022550479416426,0.20907643730511952,-0.455979571689435,0.12256333531778517,1.0,7.158787958717106,0.910514624304021,0.9955302487320238,-1.6377640970270277,1.1225,0.9988321513169623,2.2709236969376767,0.9952109316899431,-8.130738956577916,0.9250728286898969,-0.9444893253756387,0.0,0.9998167747965186,0.48305711214826136,0.9946797215062025,0.9828853481432887,0.3784927859008437,0.9933900770866287,-1.6501776430238992,0.5293004754477282,-0.969363219054244,-0.16290572577438384,1.0,-0.7774508507905756,0.5867713355147162,7.0834342015641045,5.430917376755144,2.1269273438159955
1.0,0.30330423,-0.54117593,-0.36597175,0.00330838,-0.41590829,0.04284109,-0.29823101,0.34049953,0.0,0.08596648,1.62302274,0.27133006,0.05819929,1.0,0.0,0.0,0.0,0.0,0.0,0.0,0.0,0.0,0.0,0.0,-0.37473659786,-1.351067781181,1.0,-0.0,1.0,-0.06033552213095143,-0.28393839648537217,0.0046562140120000005,-0.46389004074725104,1.6609,-1.3137586876679999,0.5526291915835146,0.066510521797,0.0,1.0,0.0,0.39444435215,0.0,0.0,0.0,-0.4701306828811452,0.0,-0.23879656687499998,0.0,0.0,-0.0,1.0,-0.8485797404703637,0.767658056705,1.0,0.0,0.9703003368000004,-0.138508490271,0.041101741746,0.9989130950592763,-2.1816,1.0468,0.1807,0.0,1.0,-0.15069591158245232,0.0062567936449796635,0.05394599033728368,1.0,0.5374874714805338,-1.0380625,0.7081910477251915,-5.033933788005448,0.08218705178455289,0.0,0.9726049952985384,2.2423,1.0,0.0,-0.0,-0.014043918534798494,-0.0,0.0,0.0,-0.3279327780816655,0.1441,0.515405619271737,0.380672265204213,0.12162359651075394,0.0,3.6103107999999997,0.13918153384993479,-1.2202617218206568,-0.9631,0.0,0.0,0.0,-0.5986601764821524,-0.0,0.01809839781579482,0.5,0.6021926416781618,0.0,0.20633530396898392,0.3964201587212135,0.4772612515217234,-0.04290677012089766,0.8462054745621461,0.9960680396912673,0.9950968664979664,-1.0007560087522818,0.0,7.967594904519999,3.05179571924,-0.031848830939519145,0.0,0.36054006239689496,1.0,0.4325614668768968,0.6451289770298146,0.0,0.4546896123325692,0.4664312226490947,1.0,-0.0440026846772316,-0.7891404983083596,3.9305453679599998,0.0,0.21419685106999528,0.0,-0.9146348487958613,0.0,0.4474652009088532,0.0,0.0,0.013183204329298585,0.07505149649229557,0.9213198342498239,0.9994332518979104,-0.0,0.4624296752237485,-0.03485345624468177,0.0,0.0,-0.6941201189477776,0.17630128915808818,0.5510309591455906,0.0,0.9999971713310203,0.0,-2.2697129150601545,1.0,0.003436537257370573,0.49468417688572913,0.9409141121345519,0.595878893663353,0.0,1.0,1.9557500268983616,0.3399440351796732,0.0,0.0,0.8793841350485576,0.0,0.0,0.8450130602275162,-0.0,0.33556763135080653,0.328954672687573,0.002189347742280249,0.0,0.2939353092449067,0.3877977049970825,2.9414793111303674,0.5431750423046626,0.909063044190443,-4.957613277581179,0.9505053826010608,-0.9999200515627064,8.271723515678772,1.5645816828367292,-0.5496772627581935,0.17059649367973753,1.0,8.432194951882941,0.999999994299251,0.16490922110834752,-2.7119128381747086,1.1225,0.9989105499605098,3.760338341413051,0.8931147827576497,-12.423612660886402,0.9417725732748745,0.8952452383513664,0.0,0.9999906437824374,-0.9514205468654255,0.0018734498269973785,0.931328799371585,0.5549827233588446,0.9952665555485336,0.6166645576350964,0.18047715608020612,-0.9857165054277589,-0.6545523286678846,0.0,0.7292950628082154,-3.9032960804268018,3.3051502969642064,4.85331453207156,0.05503702431294921
1.0,0.41610037,0.87151753,-0.22808328,-0.84107837,0.41416021,1.04691405,0.27775408,1.23783319,0.0,-0.38513062,0.36859981,0.10254817,0.926992,0.0,0.0,0.0,0.0,0.0,0.0,0.0,0.0,0.0,0.0,0.0,-3.40646111576,1.910193440181,0.0,-0.0,1.0,0.9955569367967705,-0.38040938667992796,-1.183733697938,-0.9089838476678807,0.0,2.115695955828,0.5332649080458193,-0.107109504437,0.839900860282,1.0,0.0,0.24582815918400003,0.299191968049,0.0,0.0,-0.1488816349919672,0.8067012570379999,-0.1488243402,0.0,0.281929469624,-0.0,1.0,-0.8427835780619801,-1.236247616305,1.0,0.365532659602,-0.7316738894660988,-2.2061482608,1.00440933957,0.5223462598576971,0.0,0.0,0.0,0.0,1.0,0.986762860295448,0.1032392543458251,0.0,1.0,0.5501494634623,-0.0,0.7252170178726564,0.19533702750520798,-0.1323552146328009,0.6205151347789,0.8230122448059864,2.2423,1.0,0.0,0.4560583168970907,-0.0001801003298282546,0.8249327054470587,0.0,-0.39374269727687844,-0.07717845197555055,0.1441,-0.830016649587177,0.7722682736808764,0.9318857696854489,0.0,0.0,2.1857078012190296,-7.009093366032555,-0.9631,0.0,-0.3208063246806913,0.0,-0.5986601764821524,0.18816966155173964,0.00023209529504967169,0.5,0.9687244122710957,0.0,0.048560681983016406,0.3964201587212135,0.23541796301267537,-0.31758209402809434,-0.9887879488702739,-0.7053273966468272,-0.16196112890395511,-0.8406974739752144,0.0,0.0,0.0,-0.1829373368534497,0.0,0.3343400513080538,1.0,-0.8650514430096528,0.8322554483718201,0.0,0.3568820571689725,-0.3472909820959811,1.0,0.05141697334125424,0.1474746769534441,0.0,0.0,0.19863142448211474,0.0,0.9988852320310537,0.010733667898926713,0.2825017473632493,0.0,0.0,-0.015404525213039769,-0.5422077534315124,0.0,0.0,-0.0,0.43117910079852156,0.3380483533094038,0.0,0.0,0.5616275494107624,0.11130568846112023,0.45388218266518776,0.0,0.9999961377838867,0.0,-0.0,1.0,-0.03331922940212623,0.5513788319582866,0.962805168958647,0.8615052477590319,0.0,1.0,0.41583166259411136,0.3041208415605869,0.0,0.0,0.9995212108302891,0.0,0.3061551219671464,2.880402319455527,-0.0,0.3414338704859746,0.3078240472682269,0.9959929300126267,0.1443521400075095,0.42169342087100303,-0.8462075951826737,3.947979324524315,-0.8687897906942363,0.12567387694250265,-10.736446664772277,0.9988414073879234,-0.9999999985669235,16.349252987470834,0.32346125215505667,-0.5776299858924361,-0.8743530825961152,1.0,16.66642849542777,0.9385177138028745,-0.22340633379262495,-3.9737634912753195,1.1225,0.9997751493440873,5.5100204570023585,0.9952019064357754,-17.467870010168077,0.92507439441239,0.5374974311838125,0.0,0.9999999999300029,0.883801867400731,2.6959142190253344e-07,0.9999671809344459,0.5591187303819026,0.9997090926073282,-4.61492641541552,0.0037389258152354422,-0.9995934343043977,0.5339842989582122,1.0,-0.5172635332230177,0.23171485347922838,-9.802336489748768,23.26089086925203,-6.418658074833247
1.0,0.32161249,0.27427198,0.94028727,-0.30247626,0.14534802,1.78101329,-0.44978939,1.46165417,0.0,0.4254015,0.96159047,0.11461734,0.48551932,1.0,0.0,0.0,0.0,0.0,0.0,0.0,0.0,0.0,0.0,0.0,-1.9172631447769997,0.2556825218260001,0.0,-0.0,1.0,0.7985741197764392,-0.30005876545192817,-0.425705088324,0.975218848636703,1.6609,0.665822658648,0.7729762856650032,-0.033708026342,0.302052793236,1.0,0.0,0.0,0.09415757073400001,0.0,0.0,0.9346127069111537,0.283108873356,0.613537443675,0.0,0.101390042352,-0.0,1.0,0.6192055094868355,-0.38905480363000006,1.0,0.131456182596,-0.4506267721979241,-1.155487429668,1.708704150426,0.15266730875614762,0.0,0.0,0.1807,0.0,1.0,0.9647170158491762,0.08281213622081675,0.0,1.0,0.5396071164001757,-1.0380625,0.5091310128801128,-2.242241983251272,-0.0416530081508094,0.2552624355356905,0.9319628169267186,2.2423,1.0,0.0,0.14352438506983622,0.027617039877189196,0.2895071338938456,0.0,-0.14160133314880322,-0.1990485732525205,0.1441,-0.26121139515718206,0.9591581745960572,0.8506107851149068,0.0,0.0,0.8803067326027604,-4.204367533976954,-0.9631,0.0,-0.131970679171952,0.0,-0.5986601764821524,0.05921816127981443,-0.03559007928973371,0.5,0.591393674067789,0.0,0.1252413622904859,0.3964201587212135,0.39484600980565654,-0.29155566055632764,0.6414630383443894,-0.7053273966468272,-0.16196112890395511,-0.8088485726297939,0.0,0.0,0.0,-0.1097339926367985,0.0,0.24822544372509814,0.0,-0.0570536568271138,0.5596422315550915,0.0,0.4250730055398604,0.8598290508517403,1.0,-0.03335607799390825,0.1474746769534441,0.0,0.0,0.14747073611708078,0.0,0.23224163185673138,0.2252662851966788,0.5333837553381795,0.0,0.0,0.009993480966974912,-0.5422077534315124,0.0,0.0,-0.0,0.32496668956000535,0.12383649302250611,0.0,0.0,0.10905388958731468,0.21015319960324272,0.49629766119227753,0.0,0.9999983745485519,0.0,-0.0,1.0,-0.012209671434440147,0.5188791814372974,0.7359083948195295,1.250546523293377,0.0,1.0,0.14954516793845107,0.2340831135623595,0.0,0.0,0.9897297894019824,0.0,0.3061551219671464,2.061843558338505,-0.0,0.6850212675569283,0.30951793918082415,0.9959929300126267,0.1443521400075095,0.36709635060315493,-0.8462075951826737,2.465454251772442,-0.8687897906942363,0.12567387694250265,-6.734503810481191,0.9915668388638669,-0.9999967323057457,11.475420712214717,0.2775764518565937,-0.5734231029149742,0.5994634870960647,1.0,11.698043874031683,0.9362370086471952,-0.1656984617676337,-2.7795570540114793,1.1225,0.9998085301986822,3.8541338110923173,0.9952015867994104,-12.695372795536251,0.9250744498633763,0.8655576759134275,0.0,0.9999999358224846,0.8282938063032336,0.00018162711794440076,0.992926610243176,0.3244479701528763,0.9878237027397769,-3.0296864260934413,0.12150206816975176,-0.9970442246740795,0.9049564177579829,1.0,-0.5274944365522658,-0.2829200003051848,-10.484007071338436,10.178565817736933,-2.3188349039317777
1.0,0.16052778,-0.37562827,0.45416989,-0.32968225,0.29136561,1.86718786,-0.39983196,0.08203596,1.0,0.40871957,0.18113479,-0.21720479,0.97509864,1.0,0.0,0.0,0.0,0.0,0.0,0.0,0.0,0.0,0.0,0.0,-0.03847227885099991,-1.375084875259,0.0,-0.0,1.0,0.8118429618432242,-0.15330578354134677,-0.46399479865,-0.9624380283846518,1.6609,-0.911875188252,0.8374784085676619,0.046164714382999995,0.32922069485000005,1.0,-0.7538386868826533,0.0,0.0,0.0,0.0,0.6143362498798588,0.567521935158,0.296345853225,0.3578,0.1105094902,0.4596,1.0,-0.23721249988296894,0.532828700995,1.0,0.14327990585,-0.5800722392920638,-2.3206372533360002,1.7913800328840002,0.12672023911407035,0.0,0.0,0.1807,0.0,1.0,0.9669589341331053,0.08418811514314235,0.0,1.0,0.5202674112910141,-1.0380625,0.45275166131371414,-1.030248400120672,0.057045737563073094,0.27707635973511324,0.9275039235022152,2.2423,0.04728084305282673,0.9125024571296888,-0.0,0.027130496670741206,0.5803479308925708,-0.1150327,-0.15433755401332,-0.21577675163562074,0.1441,0.357741189848043,0.7446019280609493,0.8906603158527424,0.0,0.0,0.946245442755165,-1.9849754095192602,-0.9631,0.0,-0.14324847798305354,0.0,-0.11791603111197593,-0.0,-0.03496307105958419,0.47426980310755273,0.5407399259804843,0.0,0.13576673212913257,0.3964201587212135,0.19494237593253394,-0.3044374371109479,0.7479804500197165,-0.7053273966468272,-0.16196112890395511,-0.7741917904292164,0.0,0.0,0.0,-0.051807858188452696,0.0,0.23049587077481187,0.0,-0.26486651146740736,0.49872839164343774,0.0,0.3766468077502108,0.1272579417647876,1.0,-0.038894983401025256,0.1474746769534441,0.0,0.0,0.13693759682731574,0.0,0.8176195271267128,1.089156548653302,0.5965765088751908,0.0,0.0,0.011652937026947165,-0.5422077534315124,0.0,0.0,-0.0,0.3025209355688276,-0.06949149863258339,0.0,0.0,-0.2985312651207813,0.23505114449682518,0.5156155717856681,0.0,0.9999977899042243,0.0,-0.0,1.0,0.006851754540095567,0.4894023965434252,-0.18594526593390193,1.574748089780622,0.0,1.0,0.16299589079346727,0.15015099754310735,0.0,0.0,0.48813043593286626,0.0,0.3061551219671464,0.8865372764258461,-0.0,0.46267081684645484,0.40233932277930967,0.9959929300126267,0.1443521400075095,0.3659155144546804,-0.8462075951826737,2.8548926138473303,-0.8687897906942363,0.12567387694250265,-5.979964460116677,0.8994703014166586,-0.999988846827923,9.815837050075011,0.25631587715163295,-0.5201636753092537,-0.7258965888290887,1.0,10.006264288846467,0.8736299542546617,0.5467447086941188,-2.242412989213343,1.1225,0.9840702437936677,3.1093298508432214,0.9953511154032514,-10.523736685170938,0.9250485072682566,0.47643982920662065,0.0,0.9999980235250459,0.8472931894723726,0.6724562594916915,0.6362550595931575,0.43029707926785316,0.9789261037349197,-1.2627913640562571,0.511850990293407,-0.9579545089965482,-0.960578928646476,1.0,-0.649971360097346,0.4537453827528988,-0.5010137201182223,-1.137588650556505,-2.9538993565706066
1.0,0.42801385,0.99356467,0.04168359,-0.03361417,0.25166841,0.87821067,0.48033997,0.07065558,0.0,-0.1544713,1.20562766,0.03173151,1.50026932,1.0,0.0,0.0,0.0,0.0,0.0,0.0,0.0,0.0,0.0,0.0,-3.6779954435419997,2.2527410433990003,0.0,-0.0,1.0,0.20536517031238252,-0.3901747360493828,-0.047308582858,-0.9856262901716559,1.6609,2.411977592892,0.746389308096523,-0.122109097943,0.033567110162,1.0,0.0,0.0,0.341090751211,0.0,0.0,0.07589499892034712,0.490199728998,0.027198542474999997,0.0,0.011267469783999999,-0.0,1.0,0.007148273627711926,-1.409371484395,1.0,0.014608718282,0.9998858352071442,-3.570490954668,0.842555316798,0.6331884134112721,0.0,0.0,0.1807,0.0,1.0,0.47527528837358984,0.021296368161394068,0.0,1.0,0.5514278465016863,-1.0380625,0.5329055675553909,-1.666848217364288,-0.1508902123281651,0.029000562357288307,0.9689357767362099,2.2423,1.0,0.0,0.5199246320709273,0.008206005985827531,0.5012782428733548,0.0,-0.015736148300334398,-0.24768095071302726,0.1441,-0.9462520146228031,0.3909638678643833,-0.0014186343752090403,0.0,0.0,0.2286701105397618,-0.35322576380967585,-0.9631,0.0,-0.014993290738718055,0.0,-0.5986601764821524,0.2145209031924646,-0.010575079913935938,0.5,0.48647566311565366,0.0,0.15584085418863675,0.3964201587212135,0.04502489271272958,0.0005007778925873424,-0.8846961829471953,-0.7053273966468272,-0.16196112890395511,-0.8472057975974678,0.0,0.0,0.0,-0.00921919243543254,0.0,0.23155139368300542,0.0,0.8311547710954723,0.5129468956058312,0.0,0.3848202371845289,0.4708930017847817,0.0,0.046004201513254156,0.1474746769534441,0.0,0.0,0.1375646829870735,0.0,-0.17028374373684446,0.0,0.5817577884366465,0.0,0.0,-0.013782858773370944,-0.5422077534315124,0.0,0.0,-0.0,0.3038620916549841,0.29712118415196875,0.0,0.0,0.7682293151322935,0.22921256864403872,0.528984560973515,0.0,0.9999969081478629,0.0,-0.0,1.0,-0.029287770353878365,0.5451947176450858,0.9754860680908657,1.5563638922208045,0.0,1.0,0.01661894621998316,0.19433726157336717,0.0,0.0,0.9998087598172086,0.0,0.3061551219671464,0.5506179312598992,-0.0,0.5443050545051874,0.3077743798473735,0.9959929300126267,0.1443521400075095,0.18871947645153248,-0.8462075951826737,2.7153833087959844,-0.8687897906942363,0.12567387694250265,-8.919498765486079,0.999030326721518,-0.9999999432454086,12.97285938912399,0.25750063322283134,-0.5777392379430539,-0.46515253524460554,1.0,13.224532861272996,0.8471715517265341,-0.22489555456511715,-3.431555003253147,1.1225,0.969883030840312,4.758194167510814,0.9954838929235421,-15.253526545683652,0.9250254672994416,-0.9269754114854233,0.0,0.9999999919462539,0.8432907016526036,5.86752356669485e-07,-0.4635460463398737,0.1852341655957662,0.9999417452443764,0.5961794759615731,0.9877489269074808,-0.86022119840824,0.7361720380856727,1.0,-0.5169968399690086,0.9385975706672585,-15.37574948180944,9.012956410240047,-5.663163717599682
1.0,0.28527601,0.45061613,-0.66284383,-0.0584272,-0.31829665,0.94692555,-0.27561532,1.97856582,1.0,-0.36047512,1.15321422,-0.45198038,1.2228537,0.0,0.0,0.0,0.0,0.0,0.0,0.0,0.0,0.0,0.0,0.0,-2.072206246504,0.8911233044010001,0.0,-0.0,1.0,0.24231854695190916,-0.2679061372439312,-0.08223044128,0.8000453794616285,0.0,1.093915717188,0.6100873069420846,-0.055380722377,0.05834540192,1.0,-0.7538386868826533,0.714413079974,0.154696517429,0.0,0.0,-0.6050434577103674,0.0,-0.43250559907499997,0.3578,0.01958479744,0.4596,1.0,-0.39569219121202226,-0.639198980405,1.0,0.025392461119999998,0.40893406296428203,-2.91026952063,0.90848037267,0.5878413460507669,0.0,0.0,0.0,0.0,1.0,0.5440336945227892,0.02512843331891298,0.0,1.0,0.5353780670435552,-0.0,0.6567046963598561,-2.534225236636832,-0.0684339586412589,0.050379408909090706,0.9660867567348151,2.2423,0.04728084305282673,0.9125024571296888,0.2358039015170247,-0.025893003564713343,-0.0,-0.1150327,-0.027352128104704,-0.3995931034631174,0.1441,-0.429158195443917,0.6127008390180958,0.5478209115423991,0.0,0.0,0.288809042928288,-5.635717557957262,-0.9631,0.0,-0.026046154405999895,0.0,-0.11791603111197593,0.0972926897659244,0.03336831369384608,0.47426980310755273,0.5266801194958475,0.0,0.25142398069899347,0.3964201587212135,0.09574600461910299,-0.1910057383523407,-0.9747423301927518,-0.7053273966468272,-0.16196112890395511,-0.8182523554393804,0.0,0.0,0.0,-0.14709222826268456,0.0,0.3162999767945033,1.0,0.500155246357265,0.5499542311281254,0.0,0.4448615968568189,0.6295697918831593,1.0,0.05068660117002309,0.1474746769534441,0.0,0.0,0.1879138162136144,0.0,-0.5074455469405479,0.07848376911684429,0.5433657618644504,0.0,0.0,-0.015185705710538917,-0.5422077534315124,0.0,0.0,-0.0,0.4093532500379179,0.21084825903290216,0.0,0.0,-0.4911437769974876,0.21408611017459347,0.586981994904215,0.0,0.9999962467290373,0.0,-0.0,1.0,-0.020786643701669296,0.5321153561912791,0.9992425581098225,1.1477997318620488,0.0,1.0,0.028886582491377894,0.22443492439368506,0.0,0.0,0.9991787700592311,0.0,0.3061551219671464,2.6447495528124136,-0.0,0.44572214332749943,0.3078832017778348,0.9959929300126267,0.1443521400075095,0.29565167734492936,-0.8462075951826737,3.2811261179492157,-0.8687897906942363,0.12567387694250265,-5.571957468220933,0.9972624089428196,-0.9999641244270709,9.516502056192447,0.259078236217091,-0.5767168510916326,0.9633911695598636,1.0,9.701122196082581,0.9049516249281816,-0.21093927492548448,-2.492129198323397,1.1225,0.9998531125458041,3.4555863463952226,0.9952011598873433,-11.546761203507792,0.9250745239246783,-0.876266143711206,0.0,0.9999991689115166,-0.2833788621834097,0.3189718214111839,0.999207440696601,0.5593930502153718,0.9990586112840325,-2.5806630462417455,0.08469647380524838,-0.998103589333648,-0.82219590401862,1.0,-0.5194906039876338,0.7373062519153413,-1.093308113525278,16.24421161439909,4.1800898190633955
1.0,0.23329345,-0.27074835,-0.12299548,-0.61816857,-0.46219173,0.83512126,0.24580884,1.50311913,1.0,-0.22001833,0.75946016,0.01645656,1.05088389,1.0,0.0,0.0,0.0,0.0,0.0,0.0,0.0,0.0,0.0,0.0,-0.54900507516,-0.869592046675,0.0,-0.0,1.0,0.9738704387605368,-0.220867842719934,-0.870010445418,-0.9712422108790856,1.6609,-0.65726869446,0.6341592233567083,0.033274972215000004,0.6173031340020001,1.0,-0.7538386868826533,0.132564528344,0.0,0.0,0.0,0.05592768227289597,0.0,-0.0802545507,0.3578,0.207210104664,0.4596,1.0,-0.9637878662283238,0.38405653447500004,1.0,0.26865606052200003,-0.2961530871087637,-2.5009985698109998,0.801215336844,0.6615013684710017,0.0,0.0,0.1807,0.0,1.0,0.9852473232498105,0.10099036449946766,0.0,1.0,0.5291820909333746,-1.0380625,0.6348540952779559,-2.5252133789275604,0.04111788316607551,0.4880316721704363,0.8729944094760905,2.2423,0.04728084305282673,0.9125024571296888,-0.0,0.00741866022980924,-0.0,-0.1150327,-0.2893896321737424,-0.3279728049670976,0.1441,0.25785555724651504,0.9975298861290309,0.807574604980731,0.0,0.0,1.6454449880543378,-6.991387490961987,-0.9631,0.0,-0.2523123745121156,0.0,-0.11791603111197593,-0.0,-0.009560427438155166,0.47426980310755273,0.849144108817001,0.0,0.2063604888852978,0.3964201587212135,0.215221096127585,-0.27759449758002414,-0.7978263647365065,-0.7053273966468272,-0.16196112890395511,-0.7797846495559115,0.0,0.0,0.0,-0.18247521351410786,0.0,0.32320421990600734,0.0,-0.8500974647188027,0.7586227809441324,0.0,0.4546841121616591,0.7675674513680425,1.0,0.04148697096629834,0.1474746769534441,0.0,0.0,0.19201562704615896,0.0,0.7154548968292198,1.3393953275631003,0.3427548809710644,0.0,0.0,-0.012429496501502981,-0.5422077534315124,0.0,0.0,-0.0,0.41773504079136525,-0.016864046773557594,0.0,0.0,-0.28530440912286026,0.13504542310259937,0.5510512287447186,0.0,0.9999974855251146,0.0,-0.0,1.0,0.0016627934793942301,0.4974278339562883,0.7274494742390765,1.1370086775522905,0.0,1.0,0.3056243905386894,0.19071436939209307,0.0,0.0,0.8346216274180714,0.0,0.3061551219671464,2.8403688699794536,-0.0,0.3091975726029158,0.3370143682130018,0.9959929300126267,0.1443521400075095,0.3938212974728791,-0.8462075951826737,3.695231180626388,-0.8687897906942363,0.12567387694250265,-6.5022684030130495,0.8568016213186042,-0.9999958870548372,10.637810904279362,0.2690186184204323,-0.4954883776085488,0.03524739408906441,1.0,10.844184435822383,0.7603979174884541,0.7977797733252334,-2.637951104874555,1.1225,0.9998386455604769,3.657783002019058,0.9952012984225064,-12.129503787397205,0.9250744998914084,0.04150649931834229,0.0,0.99999910468989,0.9082553139900376,0.3288732401677768,0.9999502054106124,0.48037573723120436,0.9967595516846527,-4.189411549158576,0.014802342629503988,-0.999460229197369,-0.9385960647435437,1.0,-0.7018004427599354,0.5099607658719205,-0.0223403155368862,14.809140458115754,-1.6881762492135275
1.0,0.08136248,-0.62782522,-0.75699286,-0.68192183,-0.05805346,0.66516281,-0.2072248,1.00675617,1.0,-0.18761514,0.59407949,0.13985712,1.43744603,1.0,0.0,0.0,0.0,0.0,0.0,0.0,0.0,0.0,0.0,0.0,0.764437566674,-1.7138712963739997,0.0,-0.0,1.0,0.9821768369004913,-0.07815977922741014,-0.9597367835419999,-0.056576791166853276,1.6609,-1.524108504072,0.7233747668826784,0.077159719538,0.680967139438,1.0,-0.7538386868826533,0.815886904508,0.0,0.0,0.0,-0.7640436171990782,0.0,-0.49393784114999995,0.3578,0.22858019741599997,0.4596,1.0,0.935652273277072,0.89057007457,1.0,0.29636322731799997,0.9692508553454298,-3.4209778067970005,0.638157199914,0.7693896977398634,0.0,0.0,0.1807,0.0,1.0,0.9858471565423886,0.10185173798658095,0.0,1.0,0.5103371116446485,-1.0380625,0.5536656383979589,-2.569234860177192,0.09534626543310659,0.5288100286427051,0.8593265949460916,2.2423,0.04728084305282673,0.9125024571296888,-0.0,-0.02672394948121068,-0.0,-0.1150327,-0.3192351037111856,-0.29666443405314474,0.1441,0.597928748066298,0.3078027863315741,0.12982644466690482,0.0,0.0,1.799962714937678,-6.957628111142801,-0.9631,0.0,-0.27339478480827856,0.0,-0.11791603111197593,-0.0,0.0344391536964362,0.47426980310755273,0.7054444156080516,0.0,0.18666126190623866,0.3964201587212135,0.08656608835440394,-0.04579667761471573,-0.30101564909960615,-0.7053273966468272,-0.16196112890395511,-0.7607430576924619,0.0,0.0,0.0,-0.18159409370082713,0.0,0.2818711765084009,1.0,-0.979429008490736,0.5890975597199942,0.0,0.45898952823178607,0.838166133287985,1.0,0.01565281375317952,0.1474746769534441,0.0,0.0,0.16745966596364095,0.0,0.993557175328969,1.64777081316358,0.5032879765225406,0.0,0.0,-0.004689583000452584,-0.5422077534315124,0.0,0.0,-0.0,0.3670528506508026,-0.15137195861845512,0.0,0.0,0.9023087757197402,0.19829546274988102,0.5351494071518211,0.0,0.9999996420608922,0.0,-0.0,1.0,0.014924166948003826,0.4769283876332601,0.8096644637413821,1.4854828584536683,0.0,1.0,0.3371441930293831,0.14010792131283517,0.0,0.0,-0.9797086297269219,0.0,0.3061551219671464,2.998637090775545,-0.0,0.6795012515366607,0.6887431128752939,0.9959929300126267,0.1443521400075095,0.30178903129543433,-0.8462075951826737,4.176912263013308,-0.8687897906942363,0.12567387694250265,-11.154211036973322,0.7969038798488035,-0.999999999672528,16.86835856013783,0.2589564124199607,-0.4608495137165631,-0.5191460105479947,1.0,17.195604716204503,0.8399638854937787,0.9867935432112434,-4.29768166011491,1.1225,0.9998230055520919,5.959165389915334,0.9952014481882493,-18.76245894768622,0.9250744739098381,-0.8505506526167512,0.0,0.9999999996510565,-0.6354229869622243,0.46613246469026115,0.9998967185758642,0.40697228388025314,0.9999923814501792,-3.149986831258136,0.11702027591363437,-0.997188022162874,-0.9123532880541773,1.0,-0.7686405670447319,1.1402666696375814,5.230267652604325,11.083637832158168,-3.1963086349015937
1.0,0.48040456,0.83798572,-0.25178012,-0.1470078,0.02746377,0.60112859,0.00473028,0.43452105,0.0,0.39356353,0.75204053,-0.30779139,1.08353653,1.0,0.0,0.0,0.0,0.0,0.0,0.0,0.0,0.0,0.0,0.0,-3.631435663748,1.933208614024,0.0,-0.0,1.0,0.5337997655722342,-0.4320686993426898,-0.20689877771999998,-0.8283031560990854,1.6609,2.034294133872,0.8468690785587714,-0.102988444988,0.14680198908,1.0,0.0,0.27136861333600004,0.287680497676,0.0,0.0,-0.30790432165890846,0.053493931205999996,-0.16428652829999998,0.0,0.04927701456,-0.0,1.0,0.9854769824460201,-1.18868274382,1.0,0.06388958988,-0.16285456316467983,-2.578708587747,0.576722769246,0.8072577984883651,0.0,0.0,0.1807,0.0,1.0,0.8725025245953517,0.05535503568984069,0.0,1.0,0.5569042779751837,-1.0380625,0.4447327177765629,-0.7605306505440084,-0.1272628214716716,0.1261899927574752,0.9549605566371429,2.2423,1.0,0.0,0.4385113826075268,-0.006261233490840138,0.05470289405125559,0.0,-0.068820278534496,-0.1564817709760291,0.1441,-0.798081594200748,0.9922176054501542,0.7653737469877884,0.0,0.0,0.503500385111612,-2.5274224881889573,-0.9631,0.0,-0.06524022625561468,0.0,-0.5986601764821524,0.18092979646386556,0.008068851599645686,0.5,0.4072990062996124,0.0,0.09845833029811751,0.3964201587212135,0.14035885142558302,-0.26378946400087394,-0.08875340339022718,-0.7053273966468272,-0.16196112890395511,-0.8389093462802932,0.0,0.0,0.0,-0.06596572694173179,0.0,0.19288704475448626,1.0,0.5269784179350667,0.40041430905925074,0.0,0.469304050823818,0.10187014845118697,1.0,0.004615176976291813,0.1474746769534441,0.0,0.0,0.11459419328864028,0.0,-0.7958563249822894,0.0,0.698383984016098,0.0,0.0,-0.0013827070220970273,-0.5422077534315124,0.0,0.0,-0.0,0.25436389976539225,0.29272991597250053,0.0,0.0,-0.9931285064578756,0.2751632897023426,0.46561370673313396,0.0,0.9999999688827574,0.0,-0.0,1.0,-0.02885515725039952,0.5445303316735706,0.9829678291730929,1.6396835662058942,0.0,1.0,0.07268109616028123,0.20681109479498583,0.0,0.0,0.9999978870535857,0.0,0.3061551219671464,1.4249001358194764,-0.0,0.7573746366379658,0.3077417149285855,0.9959929300126267,0.1443521400075095,0.2913480139831097,-0.8462075951826737,2.952401997972345,-0.8687897906942363,0.12567387694250265,-3.286245697039401,0.999030326721518,-0.9959507872801832,6.129480723869457,0.26677036517041514,-0.5777392379430539,-0.6607324793787802,1.0,6.248392649912525,0.9373303971465818,-0.22489555456511715,-1.19829179971358,1.1225,0.9698630306093898,1.66155140948285,0.9954840787562631,-6.328437601410659,0.9250254350507845,-0.8292708850665246,0.0,0.9999304758165555,0.21227217527670378,0.0013648659258878007,0.8606580393735732,0.43623163963491873,0.9734252199160072,-1.1356243491541356,0.4990980764547331,-0.9447701733322158,-0.8990417867606071,1.0,-0.5169968399690086,0.3363214545376727,-12.892009175524645,14.688728088926657,-3.240563550879531
1.0,0.32653235,-0.93542982,0.17994684,-0.21982811,-0.2092894,1.28239571,-0.4408143,1.34492513,0.0,-0.46394338,0.97576477,0.36840567,0.97906551,0.0,0.0,0.0,0.0,0.0,0.0,0.0,0.0,0.0,0.0,0.0,0.22883321963699998,-2.6229246439939997,0.0,-0.0,1.0,0.6001817878590235,-0.3043620812010833,-0.309386082014,0.9932903460490015,0.0,-2.270849431032,0.508848345734065,0.11496432487799998,0.219520350646,1.0,0.0,0.0,0.0,0.0,0.0,0.4610189769441064,0.0,0.11741531309999999,0.0,0.073686382472,-0.0,1.0,0.2671694808607017,1.3269071996700001,1.0,0.095537296606,-0.5664271883157229,-2.330078007249,1.2303304441740002,0.3774073034895754,0.0,0.0,0.0,0.0,1.0,0.9070343942716366,0.06223885140098074,0.0,1.0,0.5401727144380574,-0.0,0.7463678958259085,-4.045992277899751,0.1420614162517446,0.1874659178032955,0.9447249834182858,2.2423,1.0,0.0,-0.0,0.010757230881995964,-0.0,0.0,-0.1029104017603952,-0.2019028217913123,0.1441,0.8908854938584381,0.8948357529606208,0.8868510954370444,0.0,0.0,0.6799937718363094,-4.223585704131417,-0.9631,0.0,-0.09691987950430378,0.0,-0.5986601764821524,-0.0,-0.013862843437628197,0.5,0.8054305675277653,0.0,0.1270372554710937,0.3964201587212135,0.1805132876523492,-0.3032169089030923,-0.5570093537351332,-0.7053273966468272,-0.16196112890395511,-0.7443396394354359,0.0,0.0,0.0,-0.11023558687783,0.0,0.37997589576497,0.0,-0.02009909861497955,0.8091371451109411,0.0,0.4720555464811974,0.7406136625461823,1.0,0.028964486394226923,0.1474746769534441,0.0,0.0,0.22574367967396866,0.0,0.2746178479659238,2.449792198646078,0.3006995069615817,0.0,0.0,-0.008677760123710385,-0.5422077534315124,0.0,0.0,-0.0,0.4852496677960921,-0.023634069691620505,0.0,0.0,-0.8312574517917058,0.1184756057428632,0.48670762411213486,0.0,0.9999987743801361,0.0,-0.0,1.0,0.0023303150534237467,0.49639527597544825,-0.6320591708976602,0.8226127667223655,0.0,1.0,0.10868367529915338,0.2861022665545875,0.0,0.0,0.7566440812583632,0.0,0.3061551219671464,1.6360956055677687,-0.0,0.5966420227364723,0.3512814146281654,0.9959929300126267,0.1443521400075095,0.1569091460811743,-0.8462075951826737,2.8248019345884927,-0.8687897906942363,0.12567387694250265,-4.143017310267716,0.6184418240682347,-0.9996568095837962,7.561336761654564,0.17567323062898843,-0.3576449068586601,-0.5531806936284613,1.0,7.7080266948306635,0.7101056713510544,0.28593035899035,-1.5666922768821037,1.1225,0.9991349981608342,2.172375511124725,0.9952080341200537,-7.847186869251539,0.9250733313689055,-0.2054167829484797,0.0,0.9999712383275954,0.9189036111306689,0.7527439159718669,0.9925624402614699,0.42560808212435064,0.967044220693591,-3.053254202001175,0.16383505948807245,-0.9953355866652493,0.9900424497111436,1.0,-0.9211625417142624,0.28583069004760064,11.15576857672761,4.477922921586514,-2.53155280195239
